"filename", "language", "JavaScript", "PHP", "JSON", "Markdown", "XML", "HTML", "PostCSS", "comment", "blank", "total"
"d:\wamp\www\Supply\API_SETUP.md", "Markdown", 0, 0, 0, 369, 0, 0, 0, 0, 126, 495
"d:\wamp\www\Supply\ASSETS_INVENTORY.md", "Markdown", 0, 0, 0, 360, 0, 0, 0, 6, 72, 438
"d:\wamp\www\Supply\DEPLOYMENT.md", "Markdown", 0, 0, 0, 296, 0, 0, 0, 0, 73, 369
"d:\wamp\www\Supply\DESIGN.md", "Markdown", 0, 0, 0, 313, 0, 0, 0, 8, 72, 393
"d:\wamp\www\Supply\GUIDE_IMAGES_AFFICHAGE.md", "Markdown", 0, 0, 0, 136, 0, 0, 0, 4, 40, 180
"d:\wamp\www\Supply\IMPLEMENTATION.md", "Markdown", 0, 0, 0, 298, 0, 0, 0, 1, 82, 381
"d:\wamp\www\Supply\NAVIGATION_UX_IMPROVEMENTS.md", "Markdown", 0, 0, 0, 132, 0, 0, 0, 2, 49, 183
"d:\wamp\www\Supply\README.md", "Markdown", 0, 0, 0, 39, 0, 0, 0, 0, 21, 60
"d:\wamp\www\Supply\SYNTHESE_IMAGES_INTEGREES.md", "Markdown", 0, 0, 0, 196, 0, 0, 0, 3, 52, 251
"d:\wamp\www\Supply\app\Console\Commands\ResetUserPassword.php", "PHP", 0, 27, 0, 0, 0, 0, 0, 13, 11, 51
"d:\wamp\www\Supply\app\Http\Controllers\Api\DeliveryLocationController.php", "PHP", 0, 196, 0, 0, 0, 0, 0, 22, 21, 239
"d:\wamp\www\Supply\app\Http\Controllers\Api\LocationController.php", "PHP", 0, 126, 0, 0, 0, 0, 0, 19, 20, 165
"d:\wamp\www\Supply\app\Http\Controllers\Api\OrderValidationController.php", "PHP", 0, 189, 0, 0, 0, 0, 0, 22, 24, 235
"d:\wamp\www\Supply\app\Http\Controllers\Api\PaymentCinemaController.php", "PHP", 0, 280, 0, 0, 0, 0, 0, 58, 54, 392
"d:\wamp\www\Supply\app\Http\Controllers\Auth\AuthenticatedSessionController.php", "PHP", 0, 31, 0, 0, 0, 0, 0, 10, 12, 53
"d:\wamp\www\Supply\app\Http\Controllers\Auth\ConfirmablePasswordController.php", "PHP", 0, 28, 0, 0, 0, 0, 0, 6, 7, 41
"d:\wamp\www\Supply\app\Http\Controllers\Auth\EmailVerificationCodeController.php", "PHP", 0, 73, 0, 0, 0, 0, 0, 19, 25, 117
"d:\wamp\www\Supply\app\Http\Controllers\Auth\EmailVerificationNotificationController.php", "PHP", 0, 16, 0, 0, 0, 0, 0, 3, 6, 25
"d:\wamp\www\Supply\app\Http\Controllers\Auth\EmailVerificationPromptController.php", "PHP", 0, 15, 0, 0, 0, 0, 0, 3, 4, 22
"d:\wamp\www\Supply\app\Http\Controllers\Auth\NewPasswordController.php", "PHP", 0, 41, 0, 0, 0, 0, 0, 14, 8, 63
"d:\wamp\www\Supply\app\Http\Controllers\Auth\PasswordController.php", "PHP", 0, 21, 0, 0, 0, 0, 0, 3, 6, 30
"d:\wamp\www\Supply\app\Http\Controllers\Auth\PasswordResetLinkController.php", "PHP", 0, 27, 0, 0, 0, 0, 0, 11, 7, 45
"d:\wamp\www\Supply\app\Http\Controllers\Auth\RegisteredUserController.php", "PHP", 0, 91, 0, 0, 0, 0, 0, 21, 19, 131
"d:\wamp\www\Supply\app\Http\Controllers\Auth\VerifyEmailController.php", "PHP", 0, 19, 0, 0, 0, 0, 0, 3, 6, 28
"d:\wamp\www\Supply\app\Http\Controllers\AvisController.php", "PHP", 0, 59, 0, 0, 0, 0, 0, 14, 11, 84
"d:\wamp\www\Supply\app\Http\Controllers\ClientDashboardController.php", "PHP", 0, 102, 0, 0, 0, 0, 0, 31, 28, 161
"d:\wamp\www\Supply\app\Http\Controllers\CommandeController.php", "PHP", 0, 324, 0, 0, 0, 0, 0, 74, 85, 483
"d:\wamp\www\Supply\app\Http\Controllers\Controller.php", "PHP", 0, 5, 0, 0, 0, 0, 0, 1, 3, 9
"d:\wamp\www\Supply\app\Http\Controllers\FavoriteController.php", "PHP", 0, 52, 0, 0, 0, 0, 0, 5, 14, 71
"d:\wamp\www\Supply\app\Http\Controllers\MessageController.php", "PHP", 0, 188, 0, 0, 0, 0, 0, 35, 31, 254
"d:\wamp\www\Supply\app\Http\Controllers\PanierController.php", "PHP", 0, 140, 0, 0, 0, 0, 0, 25, 26, 191
"d:\wamp\www\Supply\app\Http\Controllers\ProduitController.php", "PHP", 0, 76, 0, 0, 0, 0, 0, 14, 16, 106
"d:\wamp\www\Supply\app\Http\Controllers\ProfileController.php", "PHP", 0, 47, 0, 0, 0, 0, 0, 15, 18, 80
"d:\wamp\www\Supply\app\Http\Controllers\SearchController.php", "PHP", 0, 69, 0, 0, 0, 0, 0, 10, 12, 91
"d:\wamp\www\Supply\app\Http\Controllers\ValidationController.php", "PHP", 0, 82, 0, 0, 0, 0, 0, 23, 25, 130
"d:\wamp\www\Supply\app\Http\Controllers\VendeurProduitController.php", "PHP", 0, 695, 0, 0, 0, 0, 0, 133, 148, 976
"d:\wamp\www\Supply\app\Http\Controllers\Vendeur\EspaceVendeurController.php", "PHP", 0, 68, 0, 0, 0, 0, 0, 17, 18, 103
"d:\wamp\www\Supply\app\Http\Controllers\Vendeur\StockController.php", "PHP", 0, 92, 0, 0, 0, 0, 0, 17, 26, 135
"d:\wamp\www\Supply\app\Http\Controllers\VendorStatisticsController.php", "PHP", 0, 124, 0, 0, 0, 0, 0, 16, 20, 160
"d:\wamp\www\Supply\app\Http\Middleware\LogSecurityEvents.php", "PHP", 0, 51, 0, 0, 0, 0, 0, 10, 12, 73
"d:\wamp\www\Supply\app\Http\Middleware\VendeurMiddleware.php", "PHP", 0, 15, 0, 0, 0, 0, 0, 5, 5, 25
"d:\wamp\www\Supply\app\Http\Requests\Auth\LoginRequest.php", "PHP", 0, 51, 0, 0, 0, 0, 0, 21, 14, 86
"d:\wamp\www\Supply\app\Http\Requests\ProfileUpdateRequest.php", "PHP", 0, 22, 0, 0, 0, 0, 0, 5, 4, 31
"d:\wamp\www\Supply\app\Listeners\SendWelcomeEmail.php", "PHP", 0, 19, 0, 0, 0, 0, 0, 7, 6, 32
"d:\wamp\www\Supply\app\Mail\EmailVerificationCodeMail.php", "PHP", 0, 38, 0, 0, 0, 0, 0, 14, 8, 60
"d:\wamp\www\Supply\app\Mail\WelcomeEmail.php", "PHP", 0, 38, 0, 0, 0, 0, 0, 14, 8, 60
"d:\wamp\www\Supply\app\Models\Avis.php", "PHP", 0, 20, 0, 0, 0, 0, 0, 0, 6, 26
"d:\wamp\www\Supply\app\Models\Categorie.php", "PHP", 0, 16, 0, 0, 0, 0, 0, 0, 5, 21
"d:\wamp\www\Supply\app\Models\CiCommune.php", "PHP", 0, 16, 0, 0, 0, 0, 0, 0, 6, 22
"d:\wamp\www\Supply\app\Models\CiDistrict.php", "PHP", 0, 16, 0, 0, 0, 0, 0, 0, 6, 22
"d:\wamp\www\Supply\app\Models\CiQuartier.php", "PHP", 0, 12, 0, 0, 0, 0, 0, 0, 5, 17
"d:\wamp\www\Supply\app\Models\CiRegion.php", "PHP", 0, 12, 0, 0, 0, 0, 0, 0, 5, 17
"d:\wamp\www\Supply\app\Models\Commande.php", "PHP", 0, 42, 0, 0, 0, 0, 0, 0, 10, 52
"d:\wamp\www\Supply\app\Models\Commune.php", "PHP", 0, 17, 0, 0, 0, 0, 0, 0, 6, 23
"d:\wamp\www\Supply\app\Models\District.php", "PHP", 0, 17, 0, 0, 0, 0, 0, 0, 6, 23
"d:\wamp\www\Supply\app\Models\Favorite.php", "PHP", 0, 16, 0, 0, 0, 0, 0, 0, 6, 22
"d:\wamp\www\Supply\app\Models\LigneCommande.php", "PHP", 0, 22, 0, 0, 0, 0, 0, 0, 6, 28
"d:\wamp\www\Supply\app\Models\Message.php", "PHP", 0, 28, 0, 0, 0, 0, 0, 0, 8, 36
"d:\wamp\www\Supply\app\Models\Notification.php", "PHP", 0, 22, 0, 0, 0, 0, 0, 0, 6, 28
"d:\wamp\www\Supply\app\Models\Panier.php", "PHP", 0, 17, 0, 0, 0, 0, 0, 0, 6, 23
"d:\wamp\www\Supply\app\Models\PanierItem.php", "PHP", 0, 21, 0, 0, 0, 0, 0, 0, 6, 27
"d:\wamp\www\Supply\app\Models\Payment.php", "PHP", 0, 23, 0, 0, 0, 0, 0, 0, 5, 28
"d:\wamp\www\Supply\app\Models\Produit.php", "PHP", 0, 79, 0, 0, 0, 0, 0, 2, 17, 98
"d:\wamp\www\Supply\app\Models\Promotion.php", "PHP", 0, 24, 0, 0, 0, 0, 0, 0, 6, 30
"d:\wamp\www\Supply\app\Models\Quartier.php", "PHP", 0, 12, 0, 0, 0, 0, 0, 0, 5, 17
"d:\wamp\www\Supply\app\Models\Region.php", "PHP", 0, 12, 0, 0, 0, 0, 0, 0, 5, 17
"d:\wamp\www\Supply\app\Models\SecurityLog.php", "PHP", 0, 83, 0, 0, 0, 0, 0, 22, 13, 118
"d:\wamp\www\Supply\app\Models\Stock.php", "PHP", 0, 19, 0, 0, 0, 0, 0, 0, 6, 25
"d:\wamp\www\Supply\app\Models\StockMouvement.php", "PHP", 0, 27, 0, 0, 0, 0, 0, 1, 7, 35
"d:\wamp\www\Supply\app\Models\User.php", "PHP", 0, 80, 0, 0, 0, 0, 0, 18, 17, 115
"d:\wamp\www\Supply\app\Providers\AppServiceProvider.php", "PHP", 0, 14, 0, 0, 0, 0, 0, 7, 5, 26
"d:\wamp\www\Supply\app\Providers\EventServiceProvider.php", "PHP", 0, 16, 0, 0, 0, 0, 0, 11, 5, 32
"d:\wamp\www\Supply\app\Services\CurrencyConverterService.php", "PHP", 0, 73, 0, 0, 0, 0, 0, 17, 19, 109
"d:\wamp\www\Supply\app\Services\DeviceParserService.php", "PHP", 0, 86, 0, 0, 0, 0, 0, 15, 8, 109
"d:\wamp\www\Supply\app\Services\PaymentService.php", "PHP", 0, 103, 0, 0, 0, 0, 0, 19, 14, 136
"d:\wamp\www\Supply\app\Services\StockService.php", "PHP", 0, 81, 0, 0, 0, 0, 0, 26, 15, 122
"d:\wamp\www\Supply\app\View\Components\AppLayout.php", "PHP", 0, 11, 0, 0, 0, 0, 0, 3, 4, 18
"d:\wamp\www\Supply\app\View\Components\GuestLayout.php", "PHP", 0, 11, 0, 0, 0, 0, 0, 3, 4, 18
"d:\wamp\www\Supply\app\View\Components\Icon.php", "PHP", 0, 17, 0, 0, 0, 0, 0, 0, 6, 23
"d:\wamp\www\Supply\bootstrap\app.php", "PHP", 0, 19, 0, 0, 0, 0, 0, 3, 4, 26
"d:\wamp\www\Supply\bootstrap\cache\events.php", "PHP", 0, 16, 0, 0, 0, 0, 0, 0, 0, 16
"d:\wamp\www\Supply\bootstrap\cache\packages.php", "PHP", 0, 65, 0, 0, 0, 0, 0, 0, 0, 65
"d:\wamp\www\Supply\bootstrap\cache\services.php", "PHP", 0, 272, 0, 0, 0, 0, 0, 0, 0, 272
"d:\wamp\www\Supply\bootstrap\providers.php", "PHP", 0, 5, 0, 0, 0, 0, 0, 0, 2, 7
"d:\wamp\www\Supply\check-product-names.php", "PHP", 0, 24, 0, 0, 0, 0, 0, 3, 10, 37
"d:\wamp\www\Supply\check-unlinked-images.php", "PHP", 0, 46, 0, 0, 0, 0, 0, 2, 16, 64
"d:\wamp\www\Supply\composer.json", "JSON", 0, 0, 89, 0, 0, 0, 0, 0, 1, 90
"d:\wamp\www\Supply\composer.lock", "JSON", 0, 0, 9045, 0, 0, 0, 0, 0, 1, 9046
"d:\wamp\www\Supply\config\app.php", "PHP", 0, 22, 0, 0, 0, 0, 0, 82, 23, 127
"d:\wamp\www\Supply\config\auth.php", "PHP", 0, 28, 0, 0, 0, 0, 0, 74, 14, 116
"d:\wamp\www\Supply\config\cache.php", "PHP", 0, 64, 0, 0, 0, 0, 0, 35, 19, 118
"d:\wamp\www\Supply\config\database.php", "PHP", 0, 118, 0, 0, 0, 0, 0, 43, 23, 184
"d:\wamp\www\Supply\config\filesystems.php", "PHP", 0, 36, 0, 0, 0, 0, 0, 32, 13, 81
"d:\wamp\www\Supply\config\logging.php", "PHP", 0, 79, 0, 0, 0, 0, 0, 33, 21, 133
"d:\wamp\www\Supply\config\mail.php", "PHP", 0, 57, 0, 0, 0, 0, 0, 43, 19, 119
"d:\wamp\www\Supply\config\queue.php", "PHP", 0, 65, 0, 0, 0, 0, 0, 45, 20, 130
"d:\wamp\www\Supply\config\services.php", "PHP", 0, 28, 0, 0, 0, 0, 0, 11, 10, 49
"d:\wamp\www\Supply\config\session.php", "PHP", 0, 23, 0, 0, 0, 0, 0, 160, 35, 218
"d:\wamp\www\Supply\database\factories\UserFactory.php", "PHP", 0, 25, 0, 0, 0, 0, 0, 14, 6, 45
"d:\wamp\www\Supply\database\migrations\0001_01_01_000000_create_users_table.php", "PHP", 0, 38, 0, 0, 0, 0, 0, 6, 6, 50
"d:\wamp\www\Supply\database\migrations\0001_01_01_000001_create_cache_table.php", "PHP", 0, 25, 0, 0, 0, 0, 0, 6, 5, 36
"d:\wamp\www\Supply\database\migrations\0001_01_01_000002_create_jobs_table.php", "PHP", 0, 46, 0, 0, 0, 0, 0, 6, 6, 58
"d:\wamp\www\Supply\database\migrations\2026_01_06_082335_add_role_to_users_table.php", "PHP", 0, 19, 0, 0, 0, 0, 0, 6, 4, 29
"d:\wamp\www\Supply\database\migrations\2026_01_06_084000_create_stock_payment_promotion.php", "PHP", 0, 41, 0, 0, 0, 0, 0, 3, 6, 50
"d:\wamp\www\Supply\database\migrations\2026_01_06_090000_create_ecommerce_tables.php", "PHP", 0, 102, 0, 0, 0, 0, 0, 15, 12, 129
"d:\wamp\www\Supply\database\migrations\2026_01_06_120000_link_product_images.php", "PHP", 0, 30, 0, 0, 0, 0, 0, 7, 5, 42
"d:\wamp\www\Supply\database\migrations\2026_01_06_130000_link_category_and_product_images.php", "PHP", 0, 44, 0, 0, 0, 0, 0, 8, 7, 59
"d:\wamp\www\Supply\database\migrations\2026_01_06_140000_fix_all_product_images.php", "PHP", 0, 40, 0, 0, 0, 0, 0, 13, 10, 63
"d:\wamp\www\Supply\database\migrations\2026_01_06_145000_add_note_columns_to_produits.php", "PHP", 0, 24, 0, 0, 0, 0, 0, 0, 4, 28
"d:\wamp\www\Supply\database\migrations\2026_01_06_150000_add_avis_system.php", "PHP", 0, 50, 0, 0, 0, 0, 0, 2, 6, 58
"d:\wamp\www\Supply\database\migrations\2026_01_06_170000_add_user_fields.php", "PHP", 0, 33, 0, 0, 0, 0, 0, 0, 4, 37
"d:\wamp\www\Supply\database\migrations\2026_01_06_180000_add_payment_method.php", "PHP", 0, 26, 0, 0, 0, 0, 0, 0, 4, 30
"d:\wamp\www\Supply\database\migrations\2026_01_06_190000_update_payment_type_enum.php", "PHP", 0, 19, 0, 0, 0, 0, 0, 0, 4, 23
"d:\wamp\www\Supply\database\migrations\2026_01_07_000000_add_user_id_to_produits.php", "PHP", 0, 22, 0, 0, 0, 0, 0, 8, 4, 34
"d:\wamp\www\Supply\database\migrations\2026_01_07_000001_add_boutique_fields_to_users.php", "PHP", 0, 21, 0, 0, 0, 0, 0, 7, 4, 32
"d:\wamp\www\Supply\database\migrations\2026_01_08_100410_create_stock_mouvements_table.php", "PHP", 0, 28, 0, 0, 0, 0, 0, 6, 5, 39
"d:\wamp\www\Supply\database\migrations\2026_01_08_101900_add_est_actif_to_produits_table.php", "PHP", 0, 19, 0, 0, 0, 0, 0, 6, 4, 29
"d:\wamp\www\Supply\database\migrations\2026_01_15_000000_add_vendor_fields_to_users_table.php", "PHP", 0, 33, 0, 0, 0, 0, 0, 7, 4, 44
"d:\wamp\www\Supply\database\migrations\2026_01_15_150000_fix_user_roles.php", "PHP", 0, 16, 0, 0, 0, 0, 0, 8, 4, 28
"d:\wamp\www\Supply\database\migrations\2026_01_16_000615_create_favorites_table.php", "PHP", 0, 21, 0, 0, 0, 0, 0, 7, 5, 33
"d:\wamp\www\Supply\database\migrations\2026_02_28_000000_add_profile_photo_to_users_table.php", "PHP", 0, 19, 0, 0, 0, 0, 0, 6, 4, 29
"d:\wamp\www\Supply\database\migrations\2026_02_28_000001_add_delivery_location_to_users.php", "PHP", 0, 20, 0, 0, 0, 0, 0, 7, 4, 31
"d:\wamp\www\Supply\database\migrations\2026_02_28_000002_create_security_logs_table.php", "PHP", 0, 33, 0, 0, 0, 0, 0, 11, 10, 54
"d:\wamp\www\Supply\database\migrations\2026_03_01_000000_add_email_verification_code_to_users_table.php", "PHP", 0, 20, 0, 0, 0, 0, 0, 6, 4, 30
"d:\wamp\www\Supply\database\migrations\2026_03_01_000001_create_delivery_locations_and_payment_cinema.php", "PHP", 0, 61, 0, 0, 0, 0, 0, 6, 11, 78
"d:\wamp\www\Supply\database\migrations\2026_03_01_add_country_to_users_table.php", "PHP", 0, 23, 0, 0, 0, 0, 0, 6, 4, 33
"d:\wamp\www\Supply\database\migrations\2026_03_01_create_ci_locations_tables.php", "PHP", 0, 46, 0, 0, 0, 0, 0, 10, 7, 63
"d:\wamp\www\Supply\database\migrations\2026_03_02_125517_modify_produits_image_to_json.php", "PHP", 0, 21, 0, 0, 0, 0, 0, 8, 5, 34
"d:\wamp\www\Supply\database\migrations\2026_03_02_231909_fix_image_paths.php", "PHP", 0, 19, 0, 0, 0, 0, 0, 9, 5, 33
"d:\wamp\www\Supply\database\seeders\CiLocationSeeder.php", "PHP", 0, 94, 0, 0, 0, 0, 0, 8, 14, 116
"d:\wamp\www\Supply\database\seeders\CiLocationsSeeder.php", "PHP", 0, 117, 0, 0, 0, 0, 0, 7, 14, 138
"d:\wamp\www\Supply\database\seeders\CoteIvoireLocationSeeder.php", "PHP", 0, 145, 0, 0, 0, 0, 0, 16, 20, 181
"d:\wamp\www\Supply\database\seeders\CreateTestShopSeeder.php", "PHP", 0, 30, 0, 0, 0, 0, 0, 5, 6, 41
"d:\wamp\www\Supply\database\seeders\DatabaseSeeder.php", "PHP", 0, 17, 0, 0, 0, 0, 0, 3, 5, 25
"d:\wamp\www\Supply\database\seeders\FixProductPrices.php", "PHP", 0, 34, 0, 0, 0, 0, 0, 4, 6, 44
"d:\wamp\www\Supply\database\seeders\ImageCategorieSeeder.php", "PHP", 0, 21, 0, 0, 0, 0, 0, 1, 5, 27
"d:\wamp\www\Supply\database\seeders\ImageProduitSeeder.php", "PHP", 0, 33, 0, 0, 0, 0, 0, 1, 5, 39
"d:\wamp\www\Supply\database\seeders\ProduitSeeder.php", "PHP", 0, 121, 0, 0, 0, 0, 0, 30, 30, 181
"d:\wamp\www\Supply\database\seeders\SimpleProduitSeeder.php", "PHP", 0, 44, 0, 0, 0, 0, 0, 8, 12, 64
"d:\wamp\www\Supply\database\seeders\TestAccountsSeeder.php", "PHP", 0, 34, 0, 0, 0, 0, 0, 5, 6, 45
"d:\wamp\www\Supply\database\seeders\TestUserSeeder.php", "PHP", 0, 39, 0, 0, 0, 0, 0, 2, 5, 46
"d:\wamp\www\Supply\database\seeders\UpdateProductPricesAndRatings.php", "PHP", 0, 38, 0, 0, 0, 0, 0, 0, 5, 43
"d:\wamp\www\Supply\database\seeders\UserSeeder.php", "PHP", 0, 39, 0, 0, 0, 0, 0, 6, 7, 52
"d:\wamp\www\Supply\lang\fr\auth.php", "PHP", 0, 6, 0, 0, 0, 0, 0, 0, 2, 8
"d:\wamp\www\Supply\lang\fr\passwords.php", "PHP", 0, 8, 0, 0, 0, 0, 0, 0, 2, 10
"d:\wamp\www\Supply\lang\fr\validation.php", "PHP", 0, 125, 0, 0, 0, 0, 0, 20, 6, 151
"d:\wamp\www\Supply\package-lock.json", "JSON", 0, 0, 4450, 0, 0, 0, 0, 0, 1, 4451
"d:\wamp\www\Supply\package.json", "JSON", 0, 0, 32, 0, 0, 0, 0, 0, 1, 33
"d:\wamp\www\Supply\phpunit.xml", "XML", 0, 0, 0, 0, 35, 0, 0, 0, 1, 36
"d:\wamp\www\Supply\postcss.config.js", "JavaScript", 6, 0, 0, 0, 0, 0, 0, 0, 1, 7
"d:\wamp\www\Supply\public\index.php", "PHP", 0, 10, 0, 0, 0, 0, 0, 4, 7, 21
"d:\wamp\www\Supply\public\test-images.html", "HTML", 0, 0, 0, 0, 0, 52, 0, 0, 6, 58
"d:\wamp\www\Supply\resources\css\app.css", "PostCSS", 0, 0, 0, 0, 0, 0, 209, 16, 52, 277
"d:\wamp\www\Supply\resources\css\modals.css", "PostCSS", 0, 0, 0, 0, 0, 0, 6, 1, 3, 10
"d:\wamp\www\Supply\resources\js\app.js", "JavaScript", 11, 0, 0, 0, 0, 0, 0, 1, 5, 17
"d:\wamp\www\Supply\resources\js\bootstrap.js", "JavaScript", 3, 0, 0, 0, 0, 0, 0, 0, 2, 5
"d:\wamp\www\Supply\resources\js\currency-converter.js", "JavaScript", 88, 0, 0, 0, 0, 0, 0, 7, 16, 111
"d:\wamp\www\Supply\resources\js\socketio.js", "JavaScript", 128, 0, 0, 0, 0, 0, 0, 4, 29, 161
"d:\wamp\www\Supply\resources\js\sweetalert.js", "JavaScript", 98, 0, 0, 0, 0, 0, 0, 8, 9, 115
"d:\wamp\www\Supply\resources\svg\icons\README.md", "Markdown", 0, 0, 0, 172, 0, 0, 0, 3, 31, 206
"d:\wamp\www\Supply\resources\views\accueil.blade.php", "PHP", 0, 128, 0, 0, 0, 0, 0, 0, 15, 143
"d:\wamp\www\Supply\resources\views\auth\confirm-password.blade.php", "PHP", 0, 36, 0, 0, 0, 0, 0, 0, 4, 40
"d:\wamp\www\Supply\resources\views\auth\forgot-password.blade.php", "PHP", 0, 74, 0, 0, 0, 0, 0, 0, 9, 83
"d:\wamp\www\Supply\resources\views\auth\login.blade.php", "PHP", 0, 268, 0, 0, 0, 0, 0, 3, 26, 297
"d:\wamp\www\Supply\resources\views\auth\register.blade.php", "PHP", 0, 505, 0, 0, 0, 0, 0, 12, 39, 556
"d:\wamp\www\Supply\resources\views\auth\reset-password.blade.php", "PHP", 0, 90, 0, 0, 0, 0, 0, 0, 10, 100
"d:\wamp\www\Supply\resources\views\auth\verify-email-code.blade.php", "PHP", 0, 178, 0, 0, 0, 0, 0, 5, 17, 200
"d:\wamp\www\Supply\resources\views\auth\verify-email.blade.php", "PHP", 0, 40, 0, 0, 0, 0, 0, 0, 6, 46
"d:\wamp\www\Supply\resources\views\client\commande-detail.blade.php", "PHP", 0, 258, 0, 0, 0, 0, 0, 0, 22, 280
"d:\wamp\www\Supply\resources\views\client\commandes.blade.php", "PHP", 0, 82, 0, 0, 0, 0, 0, 0, 4, 86
"d:\wamp\www\Supply\resources\views\client\dashboard.blade.php", "PHP", 0, 216, 0, 0, 0, 0, 0, 1, 13, 230
"d:\wamp\www\Supply\resources\views\client\profil.blade.php", "PHP", 0, 385, 0, 0, 0, 0, 0, 14, 57, 456
"d:\wamp\www\Supply\resources\views\commandes\create.blade.php", "PHP", 0, 818, 0, 0, 0, 0, 0, 65, 119, 1002
"d:\wamp\www\Supply\resources\views\commandes\facture-pdf.blade.php", "PHP", 0, 356, 0, 0, 0, 0, 0, 0, 8, 364
"d:\wamp\www\Supply\resources\views\commandes\index.blade.php", "PHP", 0, 74, 0, 0, 0, 0, 0, 0, 8, 82
"d:\wamp\www\Supply\resources\views\commandes\show.blade.php", "PHP", 0, 158, 0, 0, 0, 0, 0, 0, 12, 170
"d:\wamp\www\Supply\resources\views\components\auth-session-status.blade.php", "PHP", 0, 7, 0, 0, 0, 0, 0, 0, 1, 8
"d:\wamp\www\Supply\resources\views\components\carte-produit.blade.php", "PHP", 0, 128, 0, 0, 0, 0, 0, 4, 14, 146
"d:\wamp\www\Supply\resources\views\components\dropdown-link.blade.php", "PHP", 0, 1, 0, 0, 0, 0, 0, 0, 1, 2
"d:\wamp\www\Supply\resources\views\components\icon.blade.php", "PHP", 0, 55, 0, 0, 0, 0, 0, 8, 11, 74
"d:\wamp\www\Supply\resources\views\components\input-error.blade.php", "PHP", 0, 9, 0, 0, 0, 0, 0, 0, 1, 10
"d:\wamp\www\Supply\resources\views\components\input-label.blade.php", "PHP", 0, 5, 0, 0, 0, 0, 0, 0, 1, 6
"d:\wamp\www\Supply\resources\views\components\live-search.blade.php", "PHP", 0, 144, 0, 0, 0, 0, 0, 3, 15, 162
"d:\wamp\www\Supply\resources\views\components\security-logs.blade.php", "PHP", 0, 124, 0, 0, 0, 0, 0, 1, 6, 131
"d:\wamp\www\Supply\resources\views\components\skeleton-loaders.blade.php", "PHP", 0, 93, 0, 0, 0, 0, 0, 0, 17, 110
"d:\wamp\www\Supply\resources\views\components\text-input.blade.php", "PHP", 0, 3, 0, 0, 0, 0, 0, 0, 1, 4
"d:\wamp\www\Supply\resources\views\components\vendeur-sidebar.blade.php", "PHP", 0, 124, 0, 0, 0, 0, 0, 0, 12, 136
"d:\wamp\www\Supply\resources\views\components\vendor-statistics.blade.php", "PHP", 0, 266, 0, 0, 0, 0, 0, 0, 24, 290
"d:\wamp\www\Supply\resources\views\emails\email-verification-code.blade.php", "PHP", 0, 66, 0, 0, 0, 0, 0, 0, 10, 76
"d:\wamp\www\Supply\resources\views\emails\welcome.blade.php", "PHP", 0, 42, 0, 0, 0, 0, 0, 0, 18, 60
"d:\wamp\www\Supply\resources\views\favoris\index.blade.php", "PHP", 0, 186, 0, 0, 0, 0, 0, 2, 21, 209
"d:\wamp\www\Supply\resources\views\layouts\app.blade.php", "PHP", 0, 346, 0, 0, 0, 0, 0, 16, 48, 410
"d:\wamp\www\Supply\resources\views\layouts\client.blade.php", "PHP", 0, 0, 0, 0, 0, 0, 0, 0, 1, 1
"d:\wamp\www\Supply\resources\views\layouts\guest.blade.php", "PHP", 0, 28, 0, 0, 0, 0, 0, 0, 5, 33
"d:\wamp\www\Supply\resources\views\layouts\navigation-client.blade.php", "PHP", 0, 201, 0, 0, 0, 0, 0, 5, 22, 228
"d:\wamp\www\Supply\resources\views\layouts\vendeur.blade.php", "PHP", 0, 67, 0, 0, 0, 0, 0, 0, 7, 74
"d:\wamp\www\Supply\resources\views\messages\conversation-enhanced.blade.php", "PHP", 0, 221, 0, 0, 0, 0, 0, 14, 28, 263
"d:\wamp\www\Supply\resources\views\messages\conversation.blade.php", "PHP", 0, 271, 0, 0, 0, 0, 0, 18, 32, 321
"d:\wamp\www\Supply\resources\views\messages\inbox.blade.php", "PHP", 0, 158, 0, 0, 0, 0, 0, 1, 13, 172
"d:\wamp\www\Supply\resources\views\panier\index.blade.php", "PHP", 0, 174, 0, 0, 0, 0, 0, 0, 16, 190
"d:\wamp\www\Supply\resources\views\partials\categories-section.blade.php", "PHP", 0, 27, 0, 0, 0, 0, 0, 0, 2, 29
"d:\wamp\www\Supply\resources\views\partials\cta-section.blade.php", "PHP", 0, 17, 0, 0, 0, 0, 0, 0, 2, 19
"d:\wamp\www\Supply\resources\views\partials\favoris-section.blade.php", "PHP", 0, 148, 0, 0, 0, 0, 0, 2, 17, 167
"d:\wamp\www\Supply\resources\views\partials\hero-section.blade.php", "PHP", 0, 33, 0, 0, 0, 0, 0, 0, 4, 37
"d:\wamp\www\Supply\resources\views\partials\produits-vedettes.blade.php", "PHP", 0, 18, 0, 0, 0, 0, 0, 0, 2, 20
"d:\wamp\www\Supply\resources\views\produits\catalogue.blade.php", "PHP", 0, 107, 0, 0, 0, 0, 0, 0, 10, 117
"d:\wamp\www\Supply\resources\views\produits\show.blade.php", "PHP", 0, 591, 0, 0, 0, 0, 0, 23, 59, 673
"d:\wamp\www\Supply\resources\views\vendeur\apercu.blade.php", "PHP", 0, 280, 0, 0, 0, 0, 0, 2, 25, 307
"d:\wamp\www\Supply\resources\views\vendeur\avis.blade.php", "PHP", 0, 173, 0, 0, 0, 0, 0, 0, 17, 190
"d:\wamp\www\Supply\resources\views\vendeur\commandes-detail.blade.php", "PHP", 0, 207, 0, 0, 0, 0, 0, 0, 18, 225
"d:\wamp\www\Supply\resources\views\vendeur\commandes\index.blade.php", "PHP", 0, 111, 0, 0, 0, 0, 0, 0, 7, 118
"d:\wamp\www\Supply\resources\views\vendeur\commandes\show.blade.php", "PHP", 0, 247, 0, 0, 0, 0, 0, 1, 23, 271
"d:\wamp\www\Supply\resources\views\vendeur\dashboard.blade.php", "PHP", 0, 268, 0, 0, 0, 0, 0, 0, 18, 286
"d:\wamp\www\Supply\resources\views\vendeur\layout-dashboard.blade.php", "PHP", 0, 149, 0, 0, 0, 0, 0, 1, 26, 176
"d:\wamp\www\Supply\resources\views\vendeur\messagerie\index.blade.php", "PHP", 0, 83, 0, 0, 0, 0, 0, 0, 8, 91
"d:\wamp\www\Supply\resources\views\vendeur\messages.blade.php", "PHP", 0, 111, 0, 0, 0, 0, 0, 0, 11, 122
"d:\wamp\www\Supply\resources\views\vendeur\messages\show.blade.php", "PHP", 0, 178, 0, 0, 0, 0, 0, 1, 11, 190
"d:\wamp\www\Supply\resources\views\vendeur\parametres.blade.php", "PHP", 0, 157, 0, 0, 0, 0, 0, 0, 21, 178
"d:\wamp\www\Supply\resources\views\vendeur\produits\create-edit.blade.php", "PHP", 0, 5, 0, 0, 0, 0, 0, 0, 2, 7
"d:\wamp\www\Supply\resources\views\vendeur\produits\form.blade.php", "PHP", 0, 255, 0, 0, 0, 0, 0, 11, 36, 302
"d:\wamp\www\Supply\resources\views\vendeur\produits\index.blade.php", "PHP", 0, 156, 0, 0, 0, 0, 0, 0, 15, 171
"d:\wamp\www\Supply\resources\views\vendeur\profil.blade.php", "PHP", 0, 253, 0, 0, 0, 0, 0, 1, 33, 287
"d:\wamp\www\Supply\resources\views\vendeur\statistiques.blade.php", "PHP", 0, 282, 0, 0, 0, 0, 0, 5, 21, 308
"d:\wamp\www\Supply\resources\views\vendeur\stock.blade.php", "PHP", 0, 78, 0, 0, 0, 0, 0, 0, 5, 83
"d:\wamp\www\Supply\resources\views\vendeur\stock\alertes.blade.php", "PHP", 0, 122, 0, 0, 0, 0, 0, 0, 13, 135
"d:\wamp\www\Supply\resources\views\vendeur\stock\historique.blade.php", "PHP", 0, 103, 0, 0, 0, 0, 0, 0, 7, 110
"d:\wamp\www\Supply\resources\views\vendeur\stock\index.blade.php", "PHP", 0, 4, 0, 0, 0, 0, 0, 0, 2, 6
"d:\wamp\www\Supply\resources\views\vendeur\stock\statistiques.blade.php", "PHP", 0, 98, 0, 0, 0, 0, 0, 0, 12, 110
"d:\wamp\www\Supply\routes\api.php", "PHP", 0, 33, 0, 0, 0, 0, 0, 5, 7, 45
"d:\wamp\www\Supply\routes\auth.php", "PHP", 0, 50, 0, 0, 0, 0, 0, 0, 20, 70
"d:\wamp\www\Supply\routes\console.php", "PHP", 0, 6, 0, 0, 0, 0, 0, 0, 3, 9
"d:\wamp\www\Supply\routes\web.php", "PHP", 0, 114, 0, 0, 0, 0, 0, 23, 29, 166
"d:\wamp\www\Supply\sync-products-images-v2.php", "PHP", 0, 77, 0, 0, 0, 0, 0, 10, 24, 111
"d:\wamp\www\Supply\sync-products-images.php", "PHP", 0, 63, 0, 0, 0, 0, 0, 12, 19, 94
"d:\wamp\www\Supply\tailwind.config.js", "JavaScript", 68, 0, 0, 0, 0, 0, 0, 2, 4, 74
"d:\wamp\www\Supply\tests\Feature\Auth\AuthenticationTest.php", "PHP", 0, 40, 0, 0, 0, 0, 0, 0, 15, 55
"d:\wamp\www\Supply\tests\Feature\Auth\EmailVerificationTest.php", "PHP", 0, 43, 0, 0, 0, 0, 0, 0, 16, 59
"d:\wamp\www\Supply\tests\Feature\Auth\PasswordConfirmationTest.php", "PHP", 0, 32, 0, 0, 0, 0, 0, 0, 13, 45
"d:\wamp\www\Supply\tests\Feature\Auth\PasswordResetTest.php", "PHP", 0, 52, 0, 0, 0, 0, 0, 0, 22, 74
"d:\wamp\www\Supply\tests\Feature\Auth\PasswordUpdateTest.php", "PHP", 0, 41, 0, 0, 0, 0, 0, 0, 11, 52
"d:\wamp\www\Supply\tests\Feature\Auth\RegistrationTest.php", "PHP", 0, 24, 0, 0, 0, 0, 0, 0, 8, 32
"d:\wamp\www\Supply\tests\Feature\ExampleTest.php", "PHP", 0, 11, 0, 0, 0, 0, 0, 4, 5, 20
"d:\wamp\www\Supply\tests\Feature\ProfileTest.php", "PHP", 0, 76, 0, 0, 0, 0, 0, 0, 24, 100
"d:\wamp\www\Supply\tests\TestCase.php", "PHP", 0, 6, 0, 0, 0, 0, 0, 1, 4, 11
"d:\wamp\www\Supply\tests\Unit\ExampleTest.php", "PHP", 0, 10, 0, 0, 0, 0, 0, 3, 4, 17
"d:\wamp\www\Supply\tests\api-integration-test.php", "PHP", 0, 157, 0, 0, 0, 0, 0, 15, 31, 203
"d:\wamp\www\Supply\vite.config.js", "JavaScript", 10, 0, 0, 0, 0, 0, 0, 0, 2, 12
"d:\wamp\www\Supply\websocket-server.js", "JavaScript", 136, 0, 0, 0, 0, 0, 0, 15, 35, 186
"Total", "-", 548, 18989, 13616, 2311, 35, 52, 215, 2140, 3744, 41650